instock,price,rating,title
In stock,51.77,3,A Light in the Attic
In stock,53.74,1,Tipping the Velvet
In stock,50.10,1,Soumission
In stock,47.82,4,Sharp Objects
In stock,54.23,5,Sapiens: A Brief History of Humankind
In stock,22.65,1,The Requiem Red
In stock,33.34,4,The Dirty Little Secrets of Getting Your Dream Job
In stock,17.93,3,"The Coming Woman: A Novel Based on the Life of the Infamous Feminist, Victoria Woodhull"
In stock,22.60,4,The Boys in the Boat: Nine Americans and Their Epic Quest for Gold at the 1936 Berlin Olympics
In stock,52.15,1,The Black Maria
In stock,13.99,2,"Starving Hearts (Triangular Trade Trilogy, #1)"
In stock,20.66,4,Shakespeare's Sonnets
In stock,17.46,5,Set Me Free
In stock,52.29,5,Scott Pilgrim's Precious Little Life (Scott Pilgrim #1)
In stock,35.02,5,Rip it Up and Start Again
In stock,57.25,3,"Our Band Could Be Your Life: Scenes from the American Indie Underground, 1981-1991"
In stock,23.88,1,Olio
In stock,37.59,1,Mesaerion: The Best Science Fiction Stories 1800-1849
In stock,51.33,2,Libertarianism for Beginners
In stock,45.17,2,It's Only the Himalayas
instock,price,rating,title
In stock,51.77,3,A Light in the Attic
In stock,53.74,1,Tipping the Velvet
In stock,50.10,1,Soumission
In stock,47.82,4,Sharp Objects
In stock,54.23,5,Sapiens: A Brief History of Humankind
In stock,22.65,1,The Requiem Red
In stock,33.34,4,The Dirty Little Secrets of Getting Your Dream Job
In stock,17.93,3,"The Coming Woman: A Novel Based on the Life of the Infamous Feminist, Victoria Woodhull"
In stock,22.60,4,The Boys in the Boat: Nine Americans and Their Epic Quest for Gold at the 1936 Berlin Olympics
In stock,52.15,1,The Black Maria
In stock,13.99,2,"Starving Hearts (Triangular Trade Trilogy, #1)"
In stock,20.66,4,Shakespeare's Sonnets
In stock,17.46,5,Set Me Free
In stock,52.29,5,Scott Pilgrim's Precious Little Life (Scott Pilgrim #1)
In stock,35.02,5,Rip it Up and Start Again
In stock,57.25,3,"Our Band Could Be Your Life: Scenes from the American Indie Underground, 1981-1991"
In stock,23.88,1,Olio
In stock,37.59,1,Mesaerion: The Best Science Fiction Stories 1800-1849
In stock,51.33,2,Libertarianism for Beginners
In stock,45.17,2,It's Only the Himalayas
instock,price,rating,title
In stock,51.77,3,A Light in the Attic
In stock,53.74,1,Tipping the Velvet
In stock,50.10,1,Soumission
In stock,47.82,4,Sharp Objects
In stock,54.23,5,Sapiens: A Brief History of Humankind
In stock,22.65,1,The Requiem Red
In stock,33.34,4,The Dirty Little Secrets of Getting Your Dream Job
In stock,17.93,3,"The Coming Woman: A Novel Based on the Life of the Infamous Feminist, Victoria Woodhull"
In stock,22.60,4,The Boys in the Boat: Nine Americans and Their Epic Quest for Gold at the 1936 Berlin Olympics
In stock,52.15,1,The Black Maria
In stock,13.99,2,"Starving Hearts (Triangular Trade Trilogy, #1)"
In stock,20.66,4,Shakespeare's Sonnets
In stock,17.46,5,Set Me Free
In stock,52.29,5,Scott Pilgrim's Precious Little Life (Scott Pilgrim #1)
In stock,35.02,5,Rip it Up and Start Again
In stock,57.25,3,"Our Band Could Be Your Life: Scenes from the American Indie Underground, 1981-1991"
In stock,23.88,1,Olio
In stock,37.59,1,Mesaerion: The Best Science Fiction Stories 1800-1849
In stock,51.33,2,Libertarianism for Beginners
In stock,45.17,2,It's Only the Himalayas
In stock,12.84,1,In Her Wake
In stock,37.32,2,How Music Works
In stock,30.52,3,"Foolproof Preserving: A Guide to Small Batch Jams, Jellies, Pickles, Condiments, and More: A Foolproof Guide to Making Small Batch Jams, Jellies, Pickles, Condiments, and More"
In stock,25.27,5,Chase Me (Paris Nights #2)
In stock,34.53,5,Black Dust
In stock,54.64,3,Birdsong: A Story in Pictures
In stock,22.50,3,America's Cradle of Quarterbacks: Western Pennsylvania's Football Factory from Johnny Unitas to Joe Montana
In stock,53.13,3,Aladdin and His Wonderful Lamp
In stock,40.30,5,Worlds Elsewhere: Journeys Around Shakespeare’s Globe
In stock,44.18,4,Wall and Piece
In stock,17.66,5,The Four Agreements: A Practical Guide to Personal Freedom
In stock,31.05,3,The Five Love Languages: How to Express Heartfelt Commitment to Your Mate
In stock,23.82,5,The Elephant Tree
In stock,36.89,1,The Bear and the Piano
In stock,15.94,5,Sophie's World
In stock,33.29,3,Penny Maybe
In stock,18.02,2,Maude (1883-1993):She Grew Up with the country
In stock,19.63,1,"In a Dark, Dark Wood"
In stock,52.22,4,Behind Closed Doors
In stock,33.63,2,You can't bury them all: Poems
instock,price,rating,title
In stock,51.77,3,A Light in the Attic
In stock,53.74,1,Tipping the Velvet
In stock,50.10,1,Soumission
In stock,47.82,4,Sharp Objects
In stock,54.23,5,Sapiens: A Brief History of Humankind
In stock,22.65,1,The Requiem Red
In stock,33.34,4,The Dirty Little Secrets of Getting Your Dream Job
In stock,17.93,3,"The Coming Woman: A Novel Based on the Life of the Infamous Feminist, Victoria Woodhull"
In stock,22.60,4,The Boys in the Boat: Nine Americans and Their Epic Quest for Gold at the 1936 Berlin Olympics
In stock,52.15,1,The Black Maria
In stock,13.99,2,"Starving Hearts (Triangular Trade Trilogy, #1)"
In stock,20.66,4,Shakespeare's Sonnets
In stock,17.46,5,Set Me Free
In stock,52.29,5,Scott Pilgrim's Precious Little Life (Scott Pilgrim #1)
In stock,35.02,5,Rip it Up and Start Again
In stock,57.25,3,"Our Band Could Be Your Life: Scenes from the American Indie Underground, 1981-1991"
In stock,23.88,1,Olio
In stock,37.59,1,Mesaerion: The Best Science Fiction Stories 1800-1849
In stock,51.33,2,Libertarianism for Beginners
In stock,45.17,2,It's Only the Himalayas
In stock,12.84,1,In Her Wake
In stock,37.32,2,How Music Works
In stock,30.52,3,"Foolproof Preserving: A Guide to Small Batch Jams, Jellies, Pickles, Condiments, and More: A Foolproof Guide to Making Small Batch Jams, Jellies, Pickles, Condiments, and More"
In stock,25.27,5,Chase Me (Paris Nights #2)
In stock,34.53,5,Black Dust
In stock,54.64,3,Birdsong: A Story in Pictures
In stock,22.50,3,America's Cradle of Quarterbacks: Western Pennsylvania's Football Factory from Johnny Unitas to Joe Montana
In stock,53.13,3,Aladdin and His Wonderful Lamp
In stock,40.30,5,Worlds Elsewhere: Journeys Around Shakespeare’s Globe
In stock,44.18,4,Wall and Piece
In stock,17.66,5,The Four Agreements: A Practical Guide to Personal Freedom
In stock,31.05,3,The Five Love Languages: How to Express Heartfelt Commitment to Your Mate
In stock,23.82,5,The Elephant Tree
In stock,36.89,1,The Bear and the Piano
In stock,15.94,5,Sophie's World
In stock,33.29,3,Penny Maybe
In stock,18.02,2,Maude (1883-1993):She Grew Up with the country
In stock,19.63,1,"In a Dark, Dark Wood"
In stock,52.22,4,Behind Closed Doors
In stock,33.63,2,You can't bury them all: Poems
instock,price,rating,title
In stock,51.77,3,A Light in the Attic
In stock,53.74,1,Tipping the Velvet
In stock,50.10,1,Soumission
In stock,47.82,4,Sharp Objects
In stock,54.23,5,Sapiens: A Brief History of Humankind
In stock,22.65,1,The Requiem Red
In stock,33.34,4,The Dirty Little Secrets of Getting Your Dream Job
In stock,17.93,3,"The Coming Woman: A Novel Based on the Life of the Infamous Feminist, Victoria Woodhull"
In stock,22.60,4,The Boys in the Boat: Nine Americans and Their Epic Quest for Gold at the 1936 Berlin Olympics
In stock,52.15,1,The Black Maria
In stock,13.99,2,"Starving Hearts (Triangular Trade Trilogy, #1)"
In stock,20.66,4,Shakespeare's Sonnets
In stock,17.46,5,Set Me Free
In stock,52.29,5,Scott Pilgrim's Precious Little Life (Scott Pilgrim #1)
In stock,35.02,5,Rip it Up and Start Again
In stock,57.25,3,"Our Band Could Be Your Life: Scenes from the American Indie Underground, 1981-1991"
In stock,23.88,1,Olio
In stock,37.59,1,Mesaerion: The Best Science Fiction Stories 1800-1849
In stock,51.33,2,Libertarianism for Beginners
In stock,45.17,2,It's Only the Himalayas
instock,price,rating,title
In stock,51.77,3,A Light in the Attic
In stock,53.74,1,Tipping the Velvet
In stock,50.10,1,Soumission
In stock,47.82,4,Sharp Objects
In stock,54.23,5,Sapiens: A Brief History of Humankind
In stock,22.65,1,The Requiem Red
In stock,33.34,4,The Dirty Little Secrets of Getting Your Dream Job
In stock,17.93,3,"The Coming Woman: A Novel Based on the Life of the Infamous Feminist, Victoria Woodhull"
In stock,22.60,4,The Boys in the Boat: Nine Americans and Their Epic Quest for Gold at the 1936 Berlin Olympics
In stock,52.15,1,The Black Maria
In stock,13.99,2,"Starving Hearts (Triangular Trade Trilogy, #1)"
In stock,20.66,4,Shakespeare's Sonnets
In stock,17.46,5,Set Me Free
In stock,52.29,5,Scott Pilgrim's Precious Little Life (Scott Pilgrim #1)
In stock,35.02,5,Rip it Up and Start Again
In stock,57.25,3,"Our Band Could Be Your Life: Scenes from the American Indie Underground, 1981-1991"
In stock,23.88,1,Olio
In stock,37.59,1,Mesaerion: The Best Science Fiction Stories 1800-1849
In stock,51.33,2,Libertarianism for Beginners
In stock,45.17,2,It's Only the Himalayas
In stock,12.84,1,In Her Wake
In stock,37.32,2,How Music Works
In stock,30.52,3,"Foolproof Preserving: A Guide to Small Batch Jams, Jellies, Pickles, Condiments, and More: A Foolproof Guide to Making Small Batch Jams, Jellies, Pickles, Condiments, and More"
In stock,25.27,5,Chase Me (Paris Nights #2)
In stock,34.53,5,Black Dust
In stock,54.64,3,Birdsong: A Story in Pictures
In stock,22.50,3,America's Cradle of Quarterbacks: Western Pennsylvania's Football Factory from Johnny Unitas to Joe Montana
In stock,53.13,3,Aladdin and His Wonderful Lamp
In stock,40.30,5,Worlds Elsewhere: Journeys Around Shakespeare’s Globe
In stock,44.18,4,Wall and Piece
In stock,17.66,5,The Four Agreements: A Practical Guide to Personal Freedom
In stock,31.05,3,The Five Love Languages: How to Express Heartfelt Commitment to Your Mate
In stock,23.82,5,The Elephant Tree
In stock,36.89,1,The Bear and the Piano
In stock,15.94,5,Sophie's World
In stock,33.29,3,Penny Maybe
In stock,18.02,2,Maude (1883-1993):She Grew Up with the country
In stock,19.63,1,"In a Dark, Dark Wood"
In stock,52.22,4,Behind Closed Doors
In stock,33.63,2,You can't bury them all: Poems
In stock,57.31,3,Slow States of Collapse: Poems
In stock,26.41,2,Reasons to Stay Alive
In stock,47.61,5,Private Paris (Private #10)
In stock,23.11,5,#HigherSelfie: Wake Up Your Life. Free Your Soul. Find Your Tribe.
In stock,45.07,2,Without Borders (Wanderlove #1)
In stock,31.77,1,When We Collided
In stock,50.27,5,"We Love You, Charlie Freeman"
In stock,14.27,4,Untitled Collection: Sabbath Poems 2014
In stock,44.18,4,"Unseen City: The Majesty of Pigeons, the Discreet Charm of Snails & Other Wonders of the Urban Wilderness"
In stock,18.78,3,Unicorn Tracks
In stock,25.52,1,"Unbound: How Eight Technologies Made Us Human, Transformed Society, and Brought Our World to the Brink"
In stock,16.28,1,Tsubasa: WoRLD CHRoNiCLE 2 (Tsubasa WoRLD CHRoNiCLE #2)
In stock,31.12,3,Throwing Rocks at the Google Bus: How Growth Became the Enemy of Prosperity
In stock,19.49,4,This One Summer
In stock,17.27,5,Thirst
In stock,19.09,1,The Torch Is Passed: A Harding Family Story
In stock,56.13,1,The Secret of Dreadwillow Carse
In stock,56.41,1,"The Pioneer Woman Cooks: Dinnertime: Comfort Classics, Freezer Food, 16-Minute Meals, and Other Delicious Ways to Solve Supper!"
In stock,56.50,4,The Past Never Ends
In stock,45.22,3,The Natural History of Us (The Fine Art of Pretending #2)
In stock,38.16,4,The Nameless City (The Nameless City #1)
In stock,54.11,3,The Murder That Never Was (Forensic Instincts #5)
In stock,42.96,4,The Most Perfect Thing: Inside (and Outside) a Bird's Egg
In stock,23.89,4,"The Mindfulness and Acceptance Workbook for Anxiety: A Guide to Breaking Free from Anxiety, Phobias, and Worry Using Acceptance and Commitment Therapy"
In stock,16.77,3,The Life-Changing Magic of Tidying Up: The Japanese Art of Decluttering and Organizing
In stock,20.59,5,"The Inefficiency Assassin: Time Management Tactics for Working Smarter, Not Longer"
In stock,37.13,1,The Gutsy Girl: Escapades for Your Life of Epic Adventure
In stock,56.06,1,The Electric Pencil: Drawings from Inside State Hospital No. 3
In stock,58.11,4,The Death of Humanity: and the Case for Life
In stock,49.05,3,"The Bulletproof Diet: Lose up to a Pound a Day, Reclaim Energy and Focus, Upgrade Your Life"
In stock,40.76,3,The Art Forger
In stock,19.73,1,The Age of Genius: The Seventeenth Century and the Birth of the Modern Mind
In stock,32.24,5,The Activist's Tao Te Ching: Ancient Advice for a Modern Revolution
In stock,41.83,4,Spark Joy: An Illustrated Master Class on the Art of Organizing and Tidying Up
In stock,39.58,2,Soul Reader
In stock,39.25,2,Security
In stock,25.02,3,"Saga, Volume 6 (Saga (Collected Editions) #6)"
In stock,51.04,2,"Saga, Volume 5 (Saga (Collected Editions) #5)"
In stock,19.83,2,Reskilling America: Learning to Labor in the Twenty-First Century
In stock,50.40,3,"Rat Queens, Vol. 3: Demons (Rat Queens (Collected Editions) #11-15)"
In stock,13.61,5,"Princess Jellyfish 2-in-1 Omnibus, Vol. 01 (Princess Jellyfish 2-in-1 Omnibus #1)"
In stock,13.34,5,Princess Between Worlds (Wide-Awake Princess #5)
In stock,18.97,1,"Pop Gun War, Volume 1: Gift"
In stock,36.28,2,"Political Suicide: Missteps, Peccadilloes, Bad Calls, Backroom Hijinx, Sordid Pasts, Rotten Breaks, and Just Plain Dumb Mistakes in the Annals of American Politics"
In stock,10.16,3,Patience
In stock,15.44,4,"Outcast, Vol. 1: A Darkness Surrounds Him (Outcast #1)"
In stock,48.41,1,orange: The Complete Collection 1 (orange: The Complete Collection #1)
In stock,46.35,1,Online Marketing for Busy Authors: A Step-By-Step Guide
In stock,14.07,3,On a Midnight Clear
In stock,14.86,2,Obsidian (Lux #1)
In stock,33.37,2,My Paris Kitchen: Recipes and Stories
In stock,56.40,2,Masks and Shadows
In stock,14.02,4,"Mama Tried: Traditional Italian Cooking for the Screwed, Crude, Vegan, and Tattooed"
In stock,46.91,2,"Lumberjanes, Vol. 2: Friendship to the Max (Lumberjanes #5-8)"
In stock,45.61,3,"Lumberjanes, Vol. 1: Beware the Kitten Holy (Lumberjanes #1-4)"
In stock,19.92,2,Lumberjanes Vol. 3: A Terrible Plan (Lumberjanes #9-12)
In stock,40.11,1,"Layered: Baking, Building, and Styling Spectacular Cakes"
In stock,53.90,2,Judo: Seven Steps to Black Belt (an Introductory Guide for Beginners)
In stock,35.67,5,Join
In stock,22.00,4,In the Country We Love: My Family Divided
In stock,57.36,5,Immunity: How Elie Metchnikoff Changed the Course of Modern Medicine
In stock,29.17,2,"I Hate Fairyland, Vol. 1: Madly Ever After (I Hate Fairyland (Compilations) #1-5)"
In stock,54.63,3,I am a Hero Omnibus Volume 1
In stock,46.03,1,How to Be Miserable: 40 Strategies You Already Use
In stock,33.97,1,Her Backup Boyfriend (The Sorensen Family #1)
In stock,22.11,2,"Giant Days, Vol. 2 (Giant Days #5-8)"
In stock,29.69,3,Forever and Forever: The Courtship of Henry Longfellow and Fanny Appleton
In stock,15.97,4,First and First (Five Boroughs #3)
In stock,21.96,1,Fifty Shades Darker (Fifty Shades #2)
In stock,54.35,2,Everydata: The Misinformation Hidden in the Little Data You Consume Every Day
In stock,37.97,2,"Don't Be a Jerk: And Other Practical Advice from Dogen, Japan's Greatest Zen Master"
In stock,51.99,4,Danganronpa Volume 1
In stock,43.29,3,Crown of Midnight (Throne of Glass #2)
In stock,36.72,4,"Codename Baboushka, Volume 1: The Conclave of Death"
In stock,17.08,4,Camp Midnight
In stock,29.14,5,Call the Nurse: True Stories of a Country Nurse on a Scottish Isle
In stock,28.81,3,Burning
In stock,49.46,2,Bossypants
In stock,37.92,2,"Bitch Planet, Vol. 1: Extraordinary Machine (Bitch Planet (Collected Editions))"
In stock,28.09,2,"Avatar: The Last Airbender: Smoke and Shadow, Part 3 (Smoke and Shadow #3)"
In stock,30.81,1,Algorithms to Live By: The Computer Science of Human Decisions
In stock,42.95,1,A World of Flavor: Your Gluten Free Passport
In stock,56.76,5,"A Piece of Sky, a Grain of Rice: A Memoir in Four Meditations"
In stock,16.64,1,A Murder in Time
In stock,55.53,5,A Flight of Arrows (The Pathfinders #2)
In stock,28.13,4,A Fierce and Subtle Poison
In stock,52.37,1,A Court of Thorns and Roses (A Court of Thorns and Roses #1)
In stock,54.00,5,(Un)Qualified: How God Uses Broken People to Do Big Things
In stock,21.87,4,You Are What You Love: The Spiritual Power of Habit
In stock,43.30,4,"William Shakespeare's Star Wars: Verily, A New Hope (William Shakespeare's Star Wars #4)"
In stock,21.04,2,Tuesday Nights in 1980
In stock,41.60,3,Tracing Numbers on a Train
In stock,35.07,3,Throne of Glass (Throne of Glass #1)
In stock,59.64,1,Thomas Jefferson and the Tripoli Pirates: The Forgotten War That Changed American History
In stock,52.72,1,Thirteen Reasons Why
In stock,58.08,4,The White Cat and the Monk: A Retelling of the Poem “Pangur Bán”
In stock,24.12,1,The Wedding Dress
In stock,42.15,4,The Vacationers
In stock,12.61,5,The Third Wave: An Entrepreneur’s Vision of the Future
In stock,17.44,4,The Stranger
In stock,33.14,1,The Shadow Hero (The Shadow Hero)
In stock,27.37,4,The Secret (The Secret #1)
In stock,51.36,5,The Regional Office Is Under Attack!
In stock,36.00,2,The Psychopath Test: A Journey Through the Madness Industry
In stock,10.65,1,The Project
In stock,43.54,2,The Power of Now: A Guide to Spiritual Enlightenment
In stock,38.21,2,The Omnivore's Dilemma: A Natural History of Four Meals
In stock,37.34,5,The Nerdy Nummies Cookbook: Sweet Treats for the Geek in All of Us
In stock,44.10,4,The Murder of Roger Ackroyd (Hercule Poirot #4)
In stock,43.29,3,The Mistake (Off-Campus #2)
In stock,55.85,1,The Matchmaker's Playbook (Wingmen Inc. #1)
In stock,37.60,2,The Love and Lemons Cookbook: An Apple-to-Zucchini Celebration of Impromptu Cooking
In stock,10.97,1,The Long Shadow of Small Ghosts: Murder and Memory in an American City
In stock,41.82,4,The Kite Runner
In stock,36.95,1,The House by the Lake
In stock,44.28,1,The Glittering Court (The Glittering Court #1)
In stock,55.02,2,The Girl on the Train
In stock,17.24,1,The Genius of Birds
In stock,23.15,2,The Emerald Mystery
In stock,41.25,1,The Cookies & Cups Cookbook: 125+ sweet & savory recipes reminding you to Always Eat Dessert First
In stock,32.00,3,The Bridge to Consciousness: I'm Writing the Bridge Between Science and Our Old and New Beliefs.
In stock,38.49,5,The Artist's Way: A Spiritual Path to Higher Creativity
In stock,33.34,5,The Art of War
In stock,10.93,2,The Argonauts
In stock,27.55,3,The 10% Entrepreneur: Live Your Startup Dream Without Quitting Your Day Job
In stock,55.99,2,Suddenly in Love (Lake Haven #1)
In stock,16.24,4,Something More Than This
In stock,26.12,2,Soft Apocalypse
In stock,12.23,2,So You've Been Publicly Shamed
In stock,23.99,2,Shoe Dog: A Memoir by the Creator of NIKE
In stock,29.06,3,"Shobu Samurai, Project Aryoku (#3)"
In stock,20.27,1,Secrets and Lace (Fatal Hearts #1)
In stock,43.55,5,Scarlett Epstein Hates It Here
In stock,36.94,1,Romero and Juliet: A Tragic Tale of Love and Zombies
In stock,20.47,5,Redeeming Love
In stock,41.06,1,Poses for Artists Volume 1 - Dynamic and Sitting Poses: An Essential Reference for Figure Drawing and the Human Form
In stock,14.19,4,Poems That Make Grown Women Cry
In stock,38.28,1,"Nightingale, Sing"
In stock,41.05,1,Night Sky with Exit Wounds
In stock,30.25,5,Mrs. Houdini
In stock,28.26,5,Modern Romance
In stock,10.76,1,Miss Peregrine’s Home for Peculiar Children (Miss Peregrine’s Peculiar Children #1)
In stock,16.85,2,Louisa: The Extraordinary Life of Mrs. Adams
In stock,13.47,3,Little Red
In stock,48.56,5,Library of Souls (Miss Peregrine’s Peculiar Children #3)
In stock,19.15,2,Large Print Heart of the Pride
In stock,57.36,4,I Had a Nice Time And Other Lies...: How to find love & sh*t like that
In stock,42.98,1,Hollow City (Miss Peregrine’s Peculiar Children #2)
In stock,22.16,2,Grumbles
In stock,49.43,4,Full Moon over Noah’s Ark: An Odyssey to Mount Ararat and Beyond
In stock,29.99,5,Frostbite (Vampire Academy #2)
In stock,21.36,1,Follow You Home
In stock,29.00,1,First Steps for New Christians (Print Edition)
In stock,53.53,5,Finders Keepers (Bill Hodges Trilogy #2)
In stock,41.62,4,"Fables, Vol. 1: Legends in Exile (Fables #1)"
In stock,54.59,4,Eureka Trivia 6.0
In stock,34.95,4,Drive: The Surprising Truth About What Motivates Us
In stock,37.72,5,Done Rubbed Out (Reightman & Bailey #1)
In stock,35.61,3,Doing It Over (Most Likely To #1)
In stock,42.16,3,"Deliciously Ella Every Day: Quick and Easy Recipes for Gluten-Free Snacks, Packed Lunches, and Simple Meals"
In stock,19.19,5,Dark Notes
In stock,19.43,3,"Daring Greatly: How the Courage to Be Vulnerable Transforms the Way We Live, Love, Parent, and Lead"
In stock,49.46,4,Close to You
In stock,37.80,2,Chasing Heaven: What Dying Taught Me About Living
In stock,30.80,3,Big Magic: Creative Living Beyond Fear
In stock,27.43,2,Becoming Wise: An Inquiry into the Mystery and Art of Living
In stock,11.11,2,Beauty Restored (Riley Family Legacy Novellas #3)
In stock,36.50,2,Batman: The Long Halloween (Batman)
In stock,15.38,5,Batman: The Dark Knight Returns (Batman)
In stock,15.48,2,Ayumi's Violin
In stock,46.82,4,Anonymous
In stock,18.46,3,Amy Meets the Saints and Sages
In stock,36.58,1,Amid the Chaos
In stock,50.54,5,Amatus
In stock,12.51,5,Agnostic: A Spirited Manifesto
In stock,24.70,3,Zealot: The Life and Times of Jesus of Nazareth
In stock,43.61,5,You (You #1)
In stock,37.34,4,"Wonder Woman: Earth One, Volume One (Wonder Woman: Earth One #1)"
In stock,14.36,2,Wild Swans
In stock,52.65,4,Why the Right Went Wrong: Conservatism--From Goldwater to the Tea Party and Beyond
In stock,38.20,4,Whole Lotta Creativity Going On: 60 Fun and Unusual Exercises to Awaken and Strengthen Your Creativity
In stock,19.60,2,What's It Like in Space?: Stories from Astronauts Who've Been There
In stock,53.90,1,"We Are Robin, Vol. 1: The Vigilante Business (We Are Robin #1)"
In stock,12.96,5,Walt Disney's Alice in Wonderland
In stock,37.10,4,V for Vendetta (V for Vendetta Complete)
In stock,46.31,2,Until Friday Night (The Field Party #1)
In stock,45.95,2,"Unbroken: A World War II Story of Survival, Resilience, and Redemption"
In stock,22.08,2,Twenty Yawns
In stock,25.38,2,Through the Woods
In stock,27.12,2,This Is Where It Ends
In stock,43.04,2,The Year of Magical Thinking
In stock,56.80,4,The Wright Brothers
In stock,25.91,5,The White Queen (The Cousins' War #1)
In stock,32.61,3,The Wedding Pact (The O'Malleys #2)
In stock,27.88,5,The Time Keeper
In stock,52.67,4,The Testament of Mary
In stock,46.02,5,The Star-Touched Queen
In stock,44.48,5,The Songs of the Gods
In stock,37.40,5,The Song of Achilles
In stock,54.04,1,The Rosie Project (Don Tillman #1)
In stock,16.88,3,The Power of Habit: Why We Do What We Do in Life and Business
In stock,28.08,4,The Marriage of Opposites
In stock,10.40,1,The Lucifer Effect: Understanding How Good People Turn Evil
In stock,44.07,1,The Long Haul (Diary of a Wimpy Kid #9)
In stock,23.40,1,The Loney
In stock,17.43,3,The Literature Book (Big Ideas Simply Explained)
In stock,54.21,2,The Last Mile (Amos Decker #2)
In stock,40.67,2,The Immortal Life of Henrietta Lacks
In stock,52.26,2,The Hidden Oracle (The Trials of Apollo #1)
In stock,28.77,3,The Help Yourself Cookbook for Kids: 60 Easy Plant-Based Recipes Kids Can Make to Stay Healthy and Save the Earth
In stock,13.82,2,The Guilty (Will Robie #4)
In stock,25.85,3,The First Hostage (J.B. Collins #2)
In stock,48.78,1,The Dovekeepers
In stock,35.35,5,The Darkest Lie
In stock,44.73,4,The Bane Chronicles (The Bane Chronicles #1-11)
In stock,15.77,1,The Bad-Ass Librarians of Timbuktu: And Their Race to Save the World’s Most Precious Manuscripts
In stock,39.24,1,The 14th Colony (Cotton Malone #11)
In stock,13.92,1,That Darkness (Gardiner and Renner #1)
In stock,10.69,1,Tastes Like Fear (DI Marnie Rome #3)
In stock,45.21,3,Take Me with You
In stock,45.58,1,Swell: A Year of Waves
In stock,11.89,5,Superman Vol. 1: Before Truth (Superman by Gene Luen Yang #1)
In stock,26.41,3,Still Life with Bread Crumbs
In stock,39.50,5,Steve Jobs
In stock,44.74,4,Sorting the Beef from the Bull: The Science of Food Fraud Forensics
In stock,52.79,5,Someone Like You (The Harrisons #2)
In stock,35.43,4,"So Cute It Hurts!!, Vol. 6 (So Cute It Hurts!! #6)"
In stock,55.84,4,Shtum
In stock,48.87,3,See America: A Celebration of Our National Parks & Treasured Sites
In stock,46.78,4,salt.
In stock,47.82,3,Robin War
In stock,25.48,2,"Red Hood/Arsenal, Vol. 1: Open for Business (Red Hood/Arsenal #1)"
In stock,23.57,3,Rain Fish
In stock,50.89,5,"Quarter Life Poetry: Poems for the Young, Broke and Hangry"
In stock,10.56,3,Pet Sematary
In stock,52.15,3,"Overload: How to Unplug, Unwind, and Unleash Yourself from the Pressure of Stress"
In stock,18.28,2,Once Was a Time
In stock,11.83,5,Old School (Diary of a Wimpy Kid #10)
In stock,21.95,2,No Dream Is Too High: Life Lessons From a Man Who Walked on the Moon
In stock,38.39,2,"Naruto (3-in-1 Edition), Vol. 14: Includes Vols. 40, 41 & 42 (Naruto: Omnibus #14)"
In stock,41.56,1,My Name Is Lucy Barton
In stock,24.48,3,My Mrs. Brown
In stock,40.36,1,My Kind of Crazy
In stock,28.90,1,Mr. Mercedes (Bill Hodges Trilogy #1)
In stock,37.61,2,More Than Music (Chasing the Dream #1)
In stock,38.85,5,Made to Stick: Why Some Ideas Survive and Others Die
In stock,53.95,3,Luis Paints the World
In stock,49.83,3,Luckiest Girl Alive
In stock,51.51,2,Lowriders to the Center of the Earth (Lowriders in Space #2)
In stock,18.03,1,Love Is a Mix Tape (Music #1)
In stock,29.14,5,Looking for Lovely: Collecting the Moments that Matter
In stock,46.91,4,"Living Leadership by Insight: A Good Leader Achieves, a Great Leader Builds Monuments"
In stock,26.79,5,Let It Out: A Journey Through Journaling
In stock,16.28,5,Lady Midnight (The Dark Artifices #1)
In stock,19.55,1,"It's All Easy: Healthy, Delicious Weeknight Meals in under 30 Minutes"
In stock,29.65,1,Island of Dragons (Unwanteds #7)
In stock,25.98,4,I Know What I'm Doing -- and Other Lies I Tell Myself: Dispatches from a Life Under Construction
In stock,10.60,4,I Am Pilgrim (Pilgrim #1)
In stock,14.75,5,"Hyperbole and a Half: Unfortunate Situations, Flawed Coping Mechanisms, Mayhem, and Other Things That Happened"
In stock,47.02,3,"Hush, Hush (Hush, Hush #1)"
In stock,28.82,1,Hold Your Breath (Search and Rescue #1)
In stock,58.79,3,Hamilton: The Revolution
In stock,10.23,5,Greek Mythic History
In stock,30.03,5,God: The Most Unpleasant Character in All Fiction
In stock,45.84,3,Glory over Everything: Beyond The Kitchen House
In stock,49.05,3,Feathers: Displays of Brilliant Plumage
In stock,15.06,4,"Far & Away: Places on the Brink of Change: Seven Continents, Twenty-Five Years"
In stock,46.47,3,Every Last Word
In stock,27.09,3,Eligible (The Austen Project #4)
In stock,57.62,5,El Deafo
In stock,14.39,4,Eight Hundred Grapes
In stock,51.75,5,"Eaternity: More than 150 Deliciously Easy Vegan Recipes for a Long, Healthy, Satisfied, Joyful Life"
In stock,54.07,2,"Eat Fat, Get Thin"
In stock,55.35,1,Don't Get Caught
In stock,40.12,2,Doctor Sleep (The Shining #2)
In stock,37.51,5,Demigods & Magicians: Percy and Annabeth Meet the Kanes (Percy Jackson & Kane Chronicles Crossover #1-3)
In stock,11.21,5,Dear Mr. Knightley
In stock,36.58,1,Daily Fantasy Sports
In stock,47.72,2,Crazy Love: Overwhelmed by a Relentless God
In stock,25.01,3,Cometh the Hour (The Clifton Chronicles #6)
In stock,22.13,4,Code Name Verity (Code Name Verity #1)
In stock,44.14,1,Clockwork Angel (The Infernal Devices #1)
In stock,56.02,4,City of Glass (The Mortal Instruments #3)
In stock,11.23,4,City of Fallen Angels (The Mortal Instruments #4)
In stock,43.28,1,City of Bones (The Mortal Instruments #1)
In stock,47.27,1,City of Ashes (The Mortal Instruments #2)
In stock,20.29,4,Cell
In stock,50.83,3,Catching Jordan (Hundred Oaks)
In stock,31.85,3,"Carry On, Warrior: Thoughts on Life Unarmed"
In stock,46.23,2,Carrie
In stock,37.80,4,Buying In: The Secret Dialogue Between What We Buy and Who We Are
In stock,49.32,5,Brain on Fire: My Month of Madness
In stock,32.01,2,Batman: Europa
In stock,28.01,1,Barefoot Contessa Back to Basics
In stock,50.62,5,Barefoot Contessa at Home: Everyday Recipes You'll Make Over and Over Again
In stock,17.03,3,Balloon Animals
In stock,48.80,3,Art Ops Vol. 1
In stock,58.14,4,Aristotle and Dante Discover the Secrets of the Universe (Aristotle and Dante Discover the Secrets of the Universe #1)
In stock,34.20,2,Angels Walking (Angels Walking #1)
In stock,51.48,3,Angels & Demons (Robert Langdon #1)
In stock,29.87,5,All the Light We Cannot See
In stock,10.90,2,"Adulthood Is a Myth: A ""Sarah's Scribbles"" Collection"
In stock,56.37,5,Abstract City
In stock,48.35,5,A Time of Torment (Charlie Parker #14)
In stock,16.73,2,A Study in Scarlet (Sherlock Holmes #1)
In stock,56.48,2,"A Series of Catastrophes and Miracles: A True Story of Love, Science, and Cancer"
In stock,40.79,2,A People's History of the United States
In stock,39.72,1,A Man Called Ove
In stock,14.58,3,A Distant Mirror: The Calamitous 14th Century
In stock,55.51,1,A Brush of Wings (Angels Walking #3)
In stock,21.80,3,1491: New Revelations of the Americas Before Columbus
In stock,13.33,3,"The Three Searches, Meaning, and the Story"
In stock,38.73,1,Searching for Meaning in Gailana
In stock,37.86,4,Rook
In stock,11.53,2,My Kitchen Year: 136 Recipes That Saved My Life
In stock,27.06,1,13 Hours: The Inside Account of What Really Happened In Benghazi
In stock,13.86,3,Will You Won't You Want Me?
In stock,37.55,1,Tipping Point for Planet Earth: How Close Are We to the Edge?
In stock,32.30,5,The Star-Touched Queen
In stock,46.29,5,The Silent Sister (Riley MacPherson #1)
In stock,26.20,1,The Midnight Watch: A Novel of the Titanic and the Californian
In stock,33.26,2,The Lonely City: Adventures in the Art of Being Alone
In stock,59.15,4,The Gray Rhino: How to Recognize and Act on the Obvious Dangers We Ignore
In stock,39.43,1,The Golden Condom: And Other Essays on Love Lost and Found
In stock,14.44,5,The Epidemic (The Program 0.6)
In stock,56.54,2,The Dinner Party
In stock,59.90,3,The Diary of a Young Girl
In stock,11.88,3,The Children
In stock,48.05,2,Stars Above (The Lunar Chronicles #4.5)
In stock,21.21,3,Snatched: How A Drug Queen Went Undercover for the DEA and Was Kidnapped By Colombian Guerillas
In stock,49.67,4,Raspberry Pi Electronics Projects for the Evil Genius
In stock,43.14,1,Quench Your Own Thirst: Business Lessons Learned Over a Beer or Two
In stock,36.97,5,Psycho: Sanitarium (Psycho #1.5)
In stock,26.80,3,Poisonous (Max Revere Novels #3)
In stock,15.71,4,One with You (Crossfire #5)
In stock,54.65,4,No Love Allowed (Dodge Cove #1)
In stock,54.36,4,Murder at the 42nd Street Library (Raymond Ambler #1)
In stock,35.28,3,Most Wanted
In stock,20.55,2,"Love, Lies and Spies"
In stock,58.32,5,How to Speak Golf: An Illustrated Guide to Links Lingo
In stock,11.84,1,Hide Away (Eve Duncan #20)
In stock,41.46,4,Furiously Happy: A Funny Book About Horrible Things
In stock,20.10,5,Everyday Italian: 125 Simple and Delicious Recipes
In stock,56.86,1,Equal Is Unfair: America's Misguided Fight Against Income Inequality
In stock,56.51,5,Eleanor & Park
In stock,40.83,4,Dirty (Dive Bar #1)
In stock,48.64,1,Can You Keep a Secret? (Fear Street Relaunch #4)
In stock,59.48,3,Boar Island (Anna Pigeon #19)
In stock,39.01,4,A Paris Apartment
In stock,38.77,1,"A la Mode: 120 Recipes in 60 Pairings: Pies, Tarts, Cakes, Crisps, and More Topped with Ice Cream, Gelato, Frozen Custard, and More"
In stock,48.39,2,Troublemaker: Surviving Hollywood and Scientology
In stock,27.26,2,The Widow
In stock,11.68,4,"The Sleep Revolution: Transforming Your Life, One Night at a Time"
In stock,59.45,1,The Improbability of Love
In stock,21.00,3,The Art of Startup Fundraising
In stock,53.98,3,Take Me Home Tonight (Rock Star Romance #3)
In stock,48.74,1,Sleeping Giants (Themis Files #1)
In stock,21.15,2,"Setting the World on Fire: The Brief, Astonishing Life of St. Catherine of Siena"
In stock,13.71,3,Playing with Fire
In stock,47.67,3,Off the Hook (Fishing for Trouble #1)
In stock,13.34,2,Mothering Sunday
In stock,16.89,5,"Mother, Can You Not?"
In stock,27.18,1,M Train
In stock,17.28,2,Lilac Girls
In stock,45.14,1,Lies and Other Acts of Love
In stock,40.85,1,Lab Girl
In stock,20.46,4,Keep Me Posted
In stock,56.27,3,It Didn't Start with You: How Inherited Family Trauma Shapes Who We Are and How to End the Cycle
In stock,48.49,4,Grey (Fifty Shades #4)
In stock,51.34,4,"Exit, Pursued by a Bear"
In stock,16.34,3,Daredevils
In stock,20.50,3,Cravings: Recipes for What You Want to Eat
In stock,21.59,5,Born for This: How to Find the Work You Were Meant to Do
In stock,21.36,4,Arena
In stock,20.88,5,Adultery
In stock,19.53,3,A Mother's Reckoning: Living in the Aftermath of Tragedy
In stock,14.75,5,A Gentleman's Position (Society of Gentlemen #3)
In stock,48.48,3,11/22/63
In stock,24.57,2,"10% Happier: How I Tamed the Voice in My Head, Reduced Stress Without Losing My Edge, and Found Self-Help That Actually Works"
In stock,49.71,5,10-Day Green Smoothie Cleanse: Lose Up to 15 Pounds in 10 Days!
In stock,48.27,5,Without Shame
In stock,58.05,4,Watchmen
In stock,58.87,4,Unlimited Intuition Now
In stock,11.82,2,Underlying Notes
In stock,28.03,1,The Shack
In stock,44.05,5,The New Brand You: Your New Image Makes the Sale for You
In stock,12.34,4,"The Moosewood Cookbook: Recipes from Moosewood Restaurant, Ithaca, New York"
In stock,16.68,2,The Flowers Lied
In stock,55.91,1,"The Fabric of the Cosmos: Space, Time, and the Texture of Reality"
In stock,24.57,3,The Book of Mormon
In stock,52.98,5,The Art and Science of Low Carbohydrate Living
In stock,54.40,1,The Alien Club
In stock,54.81,5,Suzie Snowflake: One beautiful flake (a self-esteem story)
In stock,25.08,1,Nap-a-Roo
In stock,10.41,4,"NaNo What Now? Finding your editing process, revising your NaNoWriMo book and building a writing career through publishing and beyond"
In stock,47.44,2,Modern Day Fables
In stock,20.91,1,If I Gave You God's Phone Number....: Searching for Spirituality in America
In stock,33.95,4,"Fruits Basket, Vol. 9 (Fruits Basket #9)"
In stock,43.68,3,Dress Your Family in Corduroy and Denim
In stock,33.23,1,Don't Forget Steven
In stock,35.92,2,Chernobyl 01:23:40: The Incredible True Story of the World's Worst Nuclear Disaster
In stock,48.63,4,Art and Fear: Observations on the Perils (and Rewards) of Artmaking
In stock,56.63,3,A Shard of Ice (The Black Symphony Saga #1)
In stock,50.49,3,A Hero's Curse (The Unseen Chronicles #1)
In stock,35.79,2,23 Degrees South: A Tropical Tale of Changing Whether...
In stock,34.06,3,"Zero to One: Notes on Startups, or How to Build the Future"
In stock,17.76,1,Why Not Me?
In stock,39.36,2,When Breath Becomes Air
In stock,36.94,2,Vagabonding: An Uncommon Guide to the Art of Long-Term World Travel
In stock,43.62,5,The Unlikely Pilgrimage of Harold Fry (Harold Fry #1)
In stock,43.02,3,The New Drawing on the Right Side of the Brain
In stock,28.45,4,"The Midnight Assassin: Panic, Scandal, and the Hunt for America's First Serial Killer"
In stock,41.39,2,The Martian (The Martian #1)
In stock,51.15,1,The High Mountains of Portugal
In stock,35.88,1,The Grownup
In stock,36.91,1,The E-Myth Revisited: Why Most Small Businesses Don't Work and What to Do About It
In stock,28.93,1,South of Sunshine
In stock,38.89,5,Smarter Faster Better: The Secrets of Being Productive in Life and Business
In stock,58.33,3,Silence in the Dark (Logan Point #4)
In stock,39.67,5,Shadows of the Past (Logan Point #1)
In stock,14.10,5,Roller Girl
In stock,21.82,3,Rising Strong
In stock,54.21,1,Proofs of God: Classical Arguments from Tertullian to Barth
In stock,31.19,4,Please Kill Me: The Uncensored Oral History of Punk
In stock,53.64,5,Out of Print: City Lights Spotlight No. 14
In stock,36.39,5,My Life Next Door (My Life Next Door )
In stock,58.54,2,Miller's Valley
In stock,29.48,3,Man's Search for Meaning
In stock,25.06,2,"Love That Boy: What Two Presidents, Eight Road Trips, and My Son Taught Me About a Parent's Expectations"
In stock,12.55,3,Living Forward: A Proven Plan to Stop Drifting and Get the Life You Want
In stock,29.04,5,Les Fleurs du Mal
In stock,40.72,2,Left Behind (Left Behind #1)
In stock,45.05,5,Kill 'Em and Leave: Searching for James Brown and the American Soul
In stock,47.13,1,Kierkegaard: A Christian Missionary to Christians
In stock,20.22,4,John Vassos: Industrial Design for Modern Life
In stock,56.48,1,I'll Give You the Sun
In stock,44.21,1,I Will Find You
In stock,21.96,4,Hystopia: A Novel
In stock,40.45,2,Howl and Other Poems
In stock,10.29,4,History of Beauty
In stock,52.86,2,Heaven is for Real: A Little Boy's Astounding Story of His Trip to Heaven and Back
In stock,55.65,5,Future Shock (Future Shock #1)
In stock,43.64,1,Ender's Game (The Ender Quintet #1)
In stock,28.41,1,Diary of a Citizen Scientist: Chasing Tiger Beetles and Other New Ways of Engaging the World
In stock,37.51,4,Death by Leisure: A Cautionary Tale
In stock,11.45,3,Brilliant Beacons: A History of the American Lighthouse
In stock,19.22,2,Brazen: The Courage to Find the You That's Been Hiding
In stock,56.91,4,Between the World and Me
In stock,55.06,4,Being Mortal: Medicine and What Matters in the End
In stock,13.20,3,"A Murder Over a Girl: Justice, Gender, Junior High"
In stock,53.63,2,32 Yolks
In stock,44.48,5,"""Most Blessed of the Patriarchs"": Thomas Jefferson and the Empire of the Imagination"
In stock,12.08,3,You Are a Badass: How to Stop Doubting Your Greatness and Start Living an Awesome Life
In stock,22.14,2,Wildlife of New York: A Five-Borough Coloring Book
In stock,25.37,5,What Happened on Beale Street (Secrets of the South Mysteries #2)
In stock,46.33,2,Unreasonable Hope: Finding Faith in the God Who Brings Purpose to Your Pain
In stock,37.33,3,Under the Tuscan Sun
In stock,25.55,1,Toddlers Are A**holes: It's Not Your Fault
In stock,34.72,1,The Year of Living Biblically: One Man's Humble Quest to Follow the Bible as Literally as Possible
In stock,35.96,4,The Whale
In stock,41.14,4,The Story of Art
In stock,10.01,4,The Origin of Species
In stock,36.05,4,The Great Gatsby
In stock,49.03,3,The Good Girl
In stock,16.24,1,The Glass Castle
In stock,39.55,1,The Faith of Christopher Hitchens: The Restless Soul of the World's Most Notorious Atheist
In stock,35.67,3,The Drowning Girls
In stock,16.62,3,The Constant Princess (The Tudor Court #1)
In stock,42.78,4,The Bourne Identity (Jason Bourne #1)
In stock,52.30,5,The Bachelor Girl's Guide to Murder (Herringford and Watts Mysteries #1)
In stock,32.34,2,The Art Book
In stock,33.17,4,The 7 Habits of Highly Effective People: Powerful Lessons in Personal Change
In stock,20.12,5,Team of Rivals: The Political Genius of Abraham Lincoln
In stock,20.90,2,Steal Like an Artist: 10 Things Nobody Told You About Being Creative
In stock,20.90,3,"Sit, Stay, Love"
In stock,40.20,4,Sister Dear
In stock,52.87,3,"Shrunken Treasures: Literary Classics, Short, Sweet, and Silly"
In stock,51.74,1,"Rich Dad, Poor Dad"
In stock,34.41,2,Raymie Nightingale
In stock,32.38,1,Playing from the Heart
In stock,50.35,4,Nightstruck: A Novel
In stock,11.38,5,"Naturally Lean: 125 Nourishing Gluten-Free, Plant-Based Recipes--All Under 300 Calories"
In stock,43.58,3,Meternity
In stock,49.67,3,Memoirs of a Geisha
In stock,28.77,2,Like Never Before (Walker Family #2)
In stock,13.22,4,Life of Pi
In stock,51.17,5,Leave This Song Behind: Teen Poetry at Its Best
In stock,39.61,5,King's Folly (The Kinsman Chronicles #1)
In stock,57.43,4,John Adams
In stock,46.01,4,How to Cook Everything Vegetarian: Simple Meatless Recipes for Great Food (How to Cook Everything)
In stock,28.25,2,How to Be a Domestic Goddess: Baking and the Art of Comfort Cooking
In stock,37.05,5,Good in Bed (Cannie Shapiro #1)
In stock,19.57,1,"Fruits Basket, Vol. 7 (Fruits Basket #7)"
In stock,45.13,3,For the Love: Fighting for Grace in a World of Impossible Standards
In stock,46.64,2,Finding God in the Ruins: How God Redeems Pain
In stock,12.16,5,Every Heart a Doorway (Every Heart A Doorway #1)
In stock,20.89,4,Delivering the Truth (Quaker Midwife Mystery #1)
In stock,17.97,5,Counted With the Stars (Out from Egypt #1)
In stock,52.60,2,"Chronicles, Vol. 1"
In stock,25.77,1,Blue Like Jazz: Nonreligious Thoughts on Christian Spirituality
In stock,48.19,3,Benjamin Franklin: An American Life
In stock,29.93,5,"At The Existentialist Café: Freedom, Being, and apricot cocktails with: Jean-Paul Sartre, Simone de Beauvoir, Albert Camus, Martin Heidegger, Edmund Husserl, Karl Jaspers, Maurice Merleau-Ponty and others"
In stock,44.34,2,A Summer In Europe
In stock,52.40,5,A Short History of Nearly Everything
In stock,44.81,4,A Gathering of Shadows (Shades of Magic #2)
In stock,57.84,5,The Sound Of Love
In stock,39.67,2,The Rise and Fall of the Third Reich: A History of Nazi Germany
In stock,55.02,3,The Perks of Being a Wallflower
In stock,24.80,4,The Mysterious Affair at Styles (Hercule Poirot #1)
In stock,59.45,4,The Man Who Mistook His Wife for a Hat and Other Clinical Tales
In stock,31.58,2,The Makings of a Fatherless Child
In stock,43.27,4,The Joy of Cooking
In stock,37.34,1,The Invention of Wings
In stock,17.80,5,The Hobbit (Middle-Earth Universe)
In stock,30.54,1,The Great Railway Bazaar
In stock,18.77,1,The Golden Compass (His Dark Materials #1)
In stock,46.85,3,The God Delusion
In stock,15.79,1,The Girl You Left Behind (The Girl You Left Behind #1)
In stock,10.27,2,The Fellowship of the Ring (The Lord of the Rings #1)
In stock,15.42,5,The Collected Poems of W.B. Yeats (The Collected Works of W.B. Yeats #1)
In stock,59.92,5,The Barefoot Contessa Cookbook
In stock,50.96,2,Tell the Wolves I'm Home
In stock,30.60,3,Ship Leaves Harbor: Essays on Travel by a Recovering Journeyman
In stock,19.27,4,Pride and Prejudice
In stock,46.58,1,Musicophilia: Tales of Music and the Brain
In stock,48.51,3,Mere Christianity
In stock,19.02,1,Me Before You (Me Before You #1)
In stock,38.38,2,In the Woods (Dublin Murder Squad #1)
In stock,49.98,4,In Cold Blood
In stock,46.49,5,How to Stop Worrying and Start Living
In stock,18.32,2,Give It Back
In stock,42.14,3,"Girl, Interrupted"
In stock,56.59,4,Fun Home: A Family Tragicomic
In stock,20.96,4,"Fruits Basket, Vol. 6 (Fruits Basket #6)"
In stock,40.32,4,Deception Point
In stock,36.39,3,"Death Note, Vol. 6: Give-and-Take (Death Note #6)"
In stock,58.55,4,Catherine the Great: Portrait of a Woman
In stock,39.61,3,Better Homes and Gardens New Cook Book
In stock,21.30,3,An Unquiet Mind: A Memoir of Moods and Madness
In stock,56.88,4,A Year in Provence (Provence #1)
In stock,32.97,4,World Without End (The Pillars of the Earth #2)
In stock,47.31,4,"Will Grayson, Will Grayson (Will Grayson, Will Grayson)"
In stock,48.67,2,Why Save the Bankers?: And Other Essays on Our Economic and Political Crisis
In stock,41.73,4,Where She Went (If I Stay #2)
In stock,53.68,4,What If?: Serious Scientific Answers to Absurd Hypothetical Questions
In stock,14.64,1,Two Summers
In stock,38.40,1,This Is Your Brain on Music: The Science of a Human Obsession
In stock,15.08,4,The Secret Garden
In stock,30.57,2,The Raven King (The Raven Cycle #4)
In stock,57.74,4,The Raven Boys (The Raven Cycle #1)
In stock,11.05,5,The Power Greens Cookbook: 140 Delicious Superfood Recipes
In stock,28.58,1,The Metamorphosis
In stock,42.91,5,The Mathews Men: Seven Brothers and the War Against Hitler's U-boats
In stock,24.73,3,The Little Paris Bookshop
In stock,55.91,4,The Hiding Place
In stock,13.76,3,The Grand Design
In stock,45.56,3,The Firm
In stock,47.22,1,The Fault in Our Stars
In stock,56.00,5,The False Prince (The Ascendance Trilogy #1)
In stock,44.58,2,The Expatriates
In stock,34.50,1,The Dream Thieves (The Raven Cycle #2)
In stock,11.33,5,The Darkest Corners
In stock,38.77,4,The Crossover
In stock,11.83,2,The 5th Wave (The 5th Wave #1)
In stock,45.51,3,Tell the Wind and Fire
In stock,41.81,1,Tell Me Three Things
In stock,25.15,4,Talking to Girls About Duran Duran: One Young Man's Quest for True Love and a Cooler Haircut
In stock,34.22,5,Siddhartha
In stock,16.23,5,Shiver (The Wolves of Mercy Falls #1)
In stock,11.48,3,Remember Me?
In stock,23.37,3,Red Dragon (Hannibal Lecter #1)
In stock,16.28,2,Peak: Secrets from the New Science of Expertise
In stock,31.63,4,My Mother Was Nuts
In stock,24.91,5,Mexican Today: New and Rediscovered Recipes for Contemporary Kitchens
In stock,22.54,1,Maybe Something Beautiful: How Art Transformed a Neighborhood
In stock,23.63,4,Lola and the Boy Next Door (Anna and the French Kiss #2)
In stock,13.12,2,Logan Kade (Fallen Crest High #5.5)
In stock,59.98,3,Last One Home (New Beginnings #1)
In stock,31.49,4,Killing Floor (Jack Reacher #1)
In stock,15.52,5,Kill the Boy Band
In stock,48.13,5,Isla and the Happily Ever After (Anna and the French Kiss #3)
In stock,38.13,5,If I Stay (If I Stay #1)
In stock,36.55,2,I Know Why the Caged Bird Sings (Maya Angelou's Autobiography #1)
In stock,23.32,1,Harry Potter and the Deathly Hallows (Harry Potter #7)
In stock,16.33,1,"Fruits Basket, Vol. 5 (Fruits Basket #5)"
In stock,32.42,1,Foundation (Foundation (Publication Order) #1)
In stock,16.96,1,Fool Me Once
In stock,22.37,1,Find Her (Detective D.D. Warren #8)
In stock,42.27,1,Evicted: Poverty and Profit in the American City
In stock,38.70,2,Drama
In stock,35.63,5,Dracula the Un-Dead
In stock,58.00,5,Digital Fortress
In stock,52.41,1,"Death Note, Vol. 5: Whiteout (Death Note #5)"
In stock,32.35,3,"Data, A Love Story: How I Gamed Online Dating to Meet My Match"
In stock,20.75,1,Critique of Pure Reason
In stock,17.49,5,Booked
In stock,34.13,5,"Blue Lily, Lily Blue (The Raven Cycle #3)"
In stock,58.81,5,Approval Junkie: Adventures in Caring Too Much
In stock,10.00,5,An Abundance of Katherines
In stock,51.22,2,America's War for the Greater Middle East: A Military History
In stock,58.59,4,Alight (The Generations Trilogy #2)
In stock,31.30,1,A Girl's Guide to Moving On (New Beginnings #2)
In stock,46.42,2,A Game of Thrones (A Song of Ice and Fire #1)
In stock,17.21,4,A Feast for Crows (A Song of Ice and Fire #4)
In stock,10.79,3,A Clash of Kings (A Song of Ice and Fire #2)
In stock,52.35,4,Vogue Colors A to Z: A Fashion Coloring Book
In stock,27.88,3,The Shining (The Shining #1)
In stock,50.26,2,The Pilgrim's Progress
In stock,59.99,3,The Perfect Play (Play by Play #1)
In stock,28.32,5,The Passion of Dolssa
In stock,38.71,3,The Jazz of Physics: The Secret Link Between Music and the Structure of the Universe
In stock,29.85,5,The Hunger Games (The Hunger Games #1)
In stock,14.82,2,The Hound of the Baskervilles (Sherlock Holmes #5)
In stock,16.81,4,The Gunning of America: Business and the Making of American Gun Culture
In stock,28.23,2,The Geography of Bliss: One Grump's Search for the Happiest Places in the World
In stock,52.11,2,The Demonists (Demonist #1)
In stock,27.88,2,"The Demon Prince of Momochi House, Vol. 4 (The Demon Prince of Momochi House #4)"
In stock,59.71,3,The Bone Hunters (Lexy Vaughan & Steven Macaulay #2)
In stock,46.08,5,The Beast (Black Dagger Brotherhood #14)
In stock,13.73,5,Some Women
In stock,48.39,5,Shopaholic Ties the Knot (Shopaholic #3)
In stock,49.45,5,Paper and Fire (The Great Library #2)
In stock,19.67,5,Outlander (Outlander #1)
In stock,12.36,3,"Orchestra of Exiles: The Story of Bronislaw Huberman, the Israel Philharmonic, and the One Thousand Jews He Saved from Nazi Horrors"
In stock,20.02,5,No One Here Gets Out Alive
In stock,12.75,4,Night Shift (Night Shift #1-20)
In stock,47.51,4,Needful Things
In stock,20.44,4,Mockingjay (The Hunger Games #3)
In stock,34.79,2,Misery
In stock,28.07,4,Little Women (Little Women #1)
In stock,25.01,3,It
In stock,13.90,3,Harry Potter and the Sorcerer's Stone (Harry Potter #1)
In stock,24.17,4,Harry Potter and the Prisoner of Azkaban (Harry Potter #3)
In stock,31.63,4,Harry Potter and the Order of the Phoenix (Harry Potter #5)
In stock,48.75,5,Harry Potter and the Half-Blood Prince (Harry Potter #6)
In stock,14.74,1,Harry Potter and the Chamber of Secrets (Harry Potter #2)
In stock,32.49,3,Gone with the Wind
In stock,27.80,1,God Is Not Great: How Religion Poisons Everything
In stock,26.77,1,Girl With a Pearl Earring
In stock,50.44,4,"Fruits Basket, Vol. 4 (Fruits Basket #4)"
In stock,34.93,2,Far From True (Promise Falls Trilogy #2)
In stock,12.87,1,Dark Lover (Black Dagger Brotherhood #1)
In stock,48.94,2,Confessions of a Shopaholic (Shopaholic #1)
In stock,13.38,3,Changing the Game (Play by Play #2)
In stock,58.63,3,Candide
In stock,21.94,1,Can You Keep a Secret?
In stock,26.58,5,Atlas Shrugged
In stock,57.22,3,Animal Farm
In stock,56.43,1,A Walk to Remember
In stock,55.65,5,A New Earth: Awakening to Your Life's Purpose
In stock,27.62,1,"A History of God: The 4,000-Year Quest of Judaism, Christianity, and Islam"
In stock,49.56,4,'Salem's Lot
In stock,34.77,1,Zero History (Blue Ant #3)
In stock,17.73,3,Wuthering Heights
In stock,21.80,1,World War Z: An Oral History of the Zombie War
In stock,46.02,3,Wild: From Lost to Found on the Pacific Crest Trail
In stock,18.13,1,"Where'd You Go, Bernadette"
In stock,30.89,5,When You Are Engulfed in Flames
In stock,31.95,3,We the People: The Modern-Day Figures Who Have Reshaped and Affirmed the Founding Fathers' Vision of America
In stock,24.04,1,We Are All Completely Beside Ourselves
In stock,32.36,3,Walk the Edge (Thunder Road #2)
In stock,21.07,5,Voyager (Outlander #3)
In stock,50.66,3,Very Good Lives: The Fringe Benefits of Failure and the Importance of Imagination
In stock,13.66,2,Vegan Vegetarian Omnivore: Dinner for Everyone at the Table
In stock,58.09,1,"Unstuffed: Decluttering Your Home, Mind, and Soul"
In stock,30.00,1,Under the Banner of Heaven: A Story of Violent Faith
In stock,32.74,2,Two Boys Kissing
In stock,41.93,2,Twilight (Twilight #1)
In stock,42.80,2,Twenties Girl
In stock,53.51,1,"Trespassing Across America: One Man's Epic, Never-Done-Before (and Sort of Illegal) Hike Across the Heartland"
In stock,23.21,3,Three-Martini Lunch
In stock,21.14,1,"Thinking, Fast and Slow"
In stock,56.07,3,The Wild Robot
In stock,14.41,3,"The Wicked + The Divine, Vol. 3: Commercial Suicide (The Wicked + The Divine)"
In stock,45.75,4,The Undomestic Goddess
In stock,15.77,1,The Travelers
In stock,10.02,2,The Tipping Point: How Little Things Can Make a Big Difference
In stock,48.77,1,The Thing About Jellyfish
In stock,57.86,2,The Stand
In stock,23.59,1,The Smitten Kitchen Cookbook
In stock,23.05,5,The Silkworm (Cormoran Strike #2)
In stock,55.55,5,"The Sandman, Vol. 3: Dream Country (The Sandman (volumes) #3)"
In stock,58.64,4,The Rose & the Dagger (The Wrath and the Dawn #2)
In stock,23.21,1,The Road to Little Dribbling: Adventures of an American in Britain (Notes From a Small Island #2)
In stock,42.57,3,The Rise of Theodore Roosevelt (Theodore Roosevelt #1)
In stock,10.92,1,The Restaurant at the End of the Universe (Hitchhiker's Guide to the Galaxy #2)
In stock,34.77,1,The Rest Is Noise: Listening to the Twentieth Century
In stock,35.66,5,The Red Tent
In stock,37.19,3,The Purpose Driven Life: What on Earth Am I Here for?
In stock,12.25,1,The Purest Hook (Second Circle Tattoos #3)
In stock,29.70,2,The Picture of Dorian Gray
In stock,36.80,3,The Paris Wife
In stock,45.43,1,The Obsession
In stock,26.26,4,The Nightingale
In stock,44.92,3,The New Guy (and Other Senior Year Distractions)
In stock,52.53,5,The Nanny Diaries (Nanny #1)
In stock,37.25,2,The Name of God is Mercy
In stock,20.93,1,The Maze Runner (The Maze Runner #1)
In stock,58.09,2,The Lover's Dictionary
In stock,43.59,5,The Lonely Ones
In stock,33.92,3,The Lean Startup: How Today's Entrepreneurs Use Continuous Innovation to Create Radically Successful Businesses
In stock,55.55,2,The Last Painting of Sara de Vos
In stock,29.64,4,"The Land of 10,000 Madonnas"
In stock,27.41,1,The Infinities
In stock,52.51,5,The Husband's Secret
In stock,47.80,3,The Hitchhiker's Guide to the Galaxy (Hitchhiker's Guide to the Galaxy #1)
In stock,14.54,2,The Guns of August
In stock,49.53,1,The Guernsey Literary and Potato Peel Pie Society
In stock,43.58,3,The Goldfinch
In stock,12.30,1,The Giver (The Giver Quartet #1)
In stock,49.47,3,The Girl with All the Gifts
In stock,22.14,2,The Girl Who Played with Fire (Millennium Trilogy #2)
In stock,57.48,1,The Girl Who Kicked the Hornet's Nest (Millennium Trilogy #3)
In stock,43.45,3,The Exiled
In stock,22.13,4,"The End of Faith: Religion, Terror, and the Future of Reason"
In stock,13.03,4,"The Elegant Universe: Superstrings, Hidden Dimensions, and the Quest for the Ultimate Theory"
In stock,57.35,5,"The Disappearing Spoon: And Other True Tales of Madness, Love, and the History of the World from the Periodic Table of the Elements"
In stock,44.29,1,The Devil Wears Prada (The Devil Wears Prada #1)
In stock,52.25,4,The Demon-Haunted World: Science as a Candle in the Dark
In stock,26.33,5,The Day the Crayons Came Home (Crayons)
In stock,22.96,2,The Da Vinci Code (Robert Langdon #2)
In stock,19.21,1,The Cuckoo's Calling (Cormoran Strike #1)
In stock,26.78,4,The Complete Stories and Poems (The Works of Edgar Allan Poe [Cameo Edition])
In stock,41.32,5,The Complete Poems
In stock,24.55,1,The Catcher in the Rye
In stock,16.26,2,The Cat in the Hat (Beginner Books B-1)
In stock,47.84,1,The Case for Christ (Cases for Christianity)
In stock,53.49,2,The Book Thief
In stock,44.84,5,The Book of Basketball: The NBA According to The Sports Guy
In stock,53.71,5,The Blind Side: Evolution of a Game
In stock,23.43,2,The Autobiography of Malcolm X
In stock,34.32,3,"The Art of Simple Food: Notes, Lessons, and Recipes from a Delicious Revolution"
In stock,22.10,1,The Art of Fielding
In stock,25.83,2,"Surely You're Joking, Mr. Feynman!: Adventures of a Curious Character"
In stock,36.74,3,Stiff: The Curious Lives of Human Cadavers
In stock,49.51,1,Spilled Milk: Based on a True Story
In stock,48.96,5,Something Borrowed (Darcy & Rachel #1)
In stock,54.62,1,Something Blue (Darcy & Rachel #2)
In stock,24.72,2,Soldier (Talon #3)
In stock,46.45,2,Shopaholic & Baby (Shopaholic #5)
In stock,52.33,2,Seven Days in the Art World
In stock,30.60,4,Seven Brief Lessons on Physics
In stock,14.57,4,Scarlet (The Lunar Chronicles #2)
In stock,46.29,1,Sarah's Key
In stock,21.57,5,"Saga, Volume 3 (Saga (Collected Editions) #3)"
In stock,12.91,4,Running with Scissors
In stock,50.11,3,Rogue Lawyer (Rogue Lawyer #1)
In stock,41.67,4,"Rise of the Rocket Girls: The Women Who Propelled Us, from Missiles to the Moon to Mars"
In stock,44.88,2,Rework
In stock,11.10,3,Reservations for Two
In stock,28.54,3,Red: The True Story of Red Riding Hood
In stock,19.07,4,Ready Player One
In stock,43.55,1,Quiet: The Power of Introverts in a World That Can't Stop Talking
In stock,43.63,3,Prodigy: The Graphic Novel (Legend: The Graphic Novel #2)
In stock,39.13,1,Persepolis: The Story of a Childhood (Persepolis #1-2)
In stock,56.68,2,Packing for Mars: The Curious Science of Life in the Void
In stock,14.16,1,Outliers: The Story of Success
In stock,31.45,3,Original Fake
In stock,24.61,2,Orange Is the New Black
In stock,32.87,2,One for the Money (Stephanie Plum #1)
In stock,40.17,1,Notes from a Small Island (Notes From a Small Island #1)
In stock,13.51,1,Night (The Night Trilogy #1)
In stock,38.95,3,Neither Here nor There: Travels in Europe
In stock,31.69,3,Naked
In stock,29.40,1,Morning Star (Red Rising #3)
In stock,57.83,1,"Miracles from Heaven: A Little Girl, Her Journey to Heaven, and Her Amazing Story of Healing"
In stock,55.46,2,Midnight Riot (Peter Grant/ Rivers of London - books #1)
In stock,57.60,2,Me Talk Pretty One Day
In stock,34.98,2,Manuscript Found in Accra
In stock,11.87,2,Lust & Wonder
In stock,12.47,3,Lila (Gilead #3)
In stock,33.26,2,"Life, the Universe and Everything (Hitchhiker's Guide to the Galaxy #3)"
In stock,59.04,5,Life Without a Recipe
In stock,26.13,2,Life After Life
In stock,22.20,1,Letter to a Christian Nation
In stock,45.11,1,Let's Pretend This Never Happened: A Mostly True Memoir
In stock,43.69,4,Legend (Legend #1)
In stock,25.02,1,"Lean In: Women, Work, and the Will to Lead"
In stock,55.50,5,"Lamb: The Gospel According to Biff, Christ's Childhood Pal"
In stock,53.04,5,Lady Renegades (Rebel Belle #3)
In stock,44.97,1,Jurassic Park (Jurassic Park #1)
In stock,42.38,1,It's Never Too Late to Begin Again: Discovering Creativity and Meaning at Midlife and Beyond
In stock,20.11,3,Is Everyone Hanging Out Without Me? (And Other Concerns)
In stock,56.70,5,Into the Wild
In stock,41.00,5,Inferno (Robert Langdon #4)
In stock,28.85,3,"In the Garden of Beasts: Love, Terror, and an American Family in Hitler's Berlin"
In stock,49.97,4,If I Run (If I Run #1)
In stock,19.69,1,I've Got Your Number
In stock,28.88,2,I Am Malala: The Girl Who Stood Up for Education and Was Shot by the Taliban
In stock,33.14,3,Hungry Girl Clean & Hungry: Easy All-Natural Recipes for Healthy Eating in the Real World
In stock,43.70,2,"House of Lost Worlds: Dinosaurs, Dynasties, and the Story of Life on Earth"
In stock,54.89,1,House of Leaves
In stock,37.52,2,Horrible Bear!
In stock,51.07,2,Holidays on Ice
In stock,44.07,4,Heir to the Sky
In stock,10.79,4,Green Eggs and Ham (Beginner Books B-16)
In stock,42.72,1,"Grayson, Vol 3: Nemesis (Grayson #3)"
In stock,26.66,5,Gratitude
In stock,37.60,5,Gone Girl
In stock,42.21,4,Golden (Heart of Dread #3)
In stock,46.83,2,Girl in the Blue Coat
In stock,45.17,2,"Fruits Basket, Vol. 3 (Fruits Basket #3)"
In stock,51.22,3,"Friday Night Lights: A Town, a Team, and a Dream"
In stock,21.28,4,Fire Bound (Sea Haven/Sisters of the Heart #5)
In stock,15.36,5,Fifty Shades Freed (Fifty Shades #3)
In stock,38.62,1,Fellside
In stock,25.40,3,Extreme Prey (Lucas Davenport #26)
In stock,43.87,3,Eragon (The Inheritance Cycle #1)
In stock,18.74,1,Eclipse (Twilight #3)
In stock,54.86,1,Dune (Dune #1)
In stock,52.62,3,Dracula
In stock,51.48,1,Do Androids Dream of Electric Sheep? (Blade Runner #1)
In stock,15.28,5,Disrupted: My Misadventure in the Start-Up Bubble
In stock,39.24,5,Dead Wake: The Last Crossing of the Lusitania
In stock,17.81,1,"David and Goliath: Underdogs, Misfits, and the Art of Battling Giants"
In stock,56.02,1,Darkfever (Fever #1)
In stock,23.90,5,Dark Places
In stock,49.13,5,Crazy Rich Asians (Crazy Rich Asians #1)
In stock,10.62,1,Counting Thyme
In stock,36.17,2,Cosmos
In stock,59.95,2,Civilization and Its Discontents
In stock,26.09,1,Cinder (The Lunar Chronicles #1)
In stock,37.35,2,Catastrophic Happiness: Finding Joy in Childhood's Messy Years
In stock,24.72,2,Career of Evil (Cormoran Strike #3)
In stock,35.28,5,Breaking Dawn (Twilight #4)
In stock,51.32,5,Brave Enough
In stock,21.12,3,Boy Meets Boy
In stock,27.35,2,"Born to Run: A Hidden Tribe, Superathletes, and the Greatest Race the World Has Never Seen"
In stock,21.74,5,Blink: The Power of Thinking Without Thinking
In stock,40.87,1,Black Flags: The Rise of ISIS
In stock,49.31,1,"Black Butler, Vol. 1 (Black Butler #1)"
In stock,22.11,1,Big Little Lies
In stock,20.79,5,Between Shades of Gray
In stock,27.41,2,Best of My Love (Fool's Gold #20)
In stock,38.35,2,Beowulf
In stock,21.55,5,Beautiful Creatures (Caster Chronicles #1)
In stock,38.02,2,Awkward
In stock,22.06,4,Ash
In stock,10.66,3,Are We There Yet?
In stock,56.58,1,Are We Smart Enough to Know How Smart Animals Are?
In stock,36.83,5,Annie on My Mind
In stock,35.01,2,And Then There Were None
In stock,30.48,4,A Walk in the Woods: Rediscovering America on the Appalachian Trail
In stock,14.08,5,A Visit from the Goon Squad
In stock,31.22,2,A Storm of Swords (A Song of Ice and Fire #3)
In stock,54.29,5,A Heartbreaking Work of Staggering Genius
In stock,31.04,1,8 Keys to Mental Health Through Exercise
In stock,50.96,1,#GIRLBOSS
In stock,11.89,2,"The Suffragettes (Little Black Classics, #96)"
In stock,31.38,3,The Sense of an Ending
In stock,54.81,1,"The Sandman, Vol. 2: The Doll's House (The Sandman (volumes) #2)"
In stock,16.78,3,The Course of Love
In stock,24.42,1,Sugar Rush (Offensive Line #2)
In stock,11.75,3,"Saga, Volume 2 (Saga (Collected Editions) #2)"
In stock,20.02,1,"Run, Spot, Run: The Ethics of Keeping Pets"
In stock,12.86,4,New Moon (Twilight #2)
In stock,31.58,5,Life
In stock,34.00,3,Kindle Paperwhite User's Guide
In stock,57.42,5,H is for Hawk
In stock,53.47,1,Girl Online On Tour (Girl Online #2)
In stock,11.64,5,"Fruits Basket, Vol. 2 (Fruits Basket #2)"
In stock,52.88,4,Diary of a Minecraft Zombie Book 1: A Scare of a Dare (An Unofficial Minecraft Book)
In stock,18.51,4,"Y: The Last Man, Vol. 1: Unmanned (Y: The Last Man #1)"
In stock,41.32,5,While You Were Mine
In stock,39.77,3,Where Lightning Strikes (Bleeding Stars #3)
In stock,51.96,3,When I'm Gone
In stock,39.51,5,Ways of Seeing
In stock,15.40,1,"Vampire Knight, Vol. 1 (Vampire Knight #1)"
In stock,53.82,2,Vampire Girl (Vampire Girl #1)
In stock,30.95,4,Twenty Love Poems and a Song of Despair
In stock,57.82,5,Travels with Charley: In Search of America
In stock,44.18,2,Three Wishes (River of Time: California #1)
In stock,48.71,1,This One Moment (Pushing Limits #1)
In stock,19.69,5,The Zombie Room
In stock,36.52,2,"The Wicked + The Divine, Vol. 1: The Faust Act (The Wicked + The Divine)"
In stock,41.56,5,The Tumor
In stock,43.19,4,The Story of Hong Gildong
In stock,12.34,5,The Silent Wife
In stock,36.25,3,The Silent Twin (Detective Jennifer Knight #3)
In stock,29.45,1,The Selfish Gene
In stock,34.56,3,The Secret Healer
In stock,54.12,3,"The Sandman, Vol. 1: Preludes and Nocturnes (The Sandman (volumes) #1)"
In stock,33.78,3,The Republic
In stock,29.64,3,The Odyssey
In stock,57.70,4,The No. 1 Ladies' Detective Agency (No. 1 Ladies' Detective Agency #1)
In stock,36.34,1,The Nicomachean Ethics
In stock,50.59,3,The Name of the Wind (The Kingkiller Chronicle #1)
In stock,29.38,1,The Mirror & the Maze (The Wrath and the Dawn #1.5)
In stock,45.42,2,The Little Prince
In stock,54.43,1,The Light of the Fireflies
In stock,36.26,2,The Last Girl (The Dominion Trilogy #1)
In stock,16.16,1,The Iliad
In stock,36.29,5,The Hook Up (Game On #1)
In stock,27.89,5,The Haters
In stock,12.29,5,The Girl You Lost
In stock,15.85,3,The Girl In The Ice (DCI Erika Foster #1)
In stock,14.40,1,The End of the Jesus Era (An Investigation #1)
In stock,19.18,4,The Edge of Reason (Bridget Jones #2)
In stock,10.64,3,The Complete Maus (Maus #1-2)
In stock,14.76,3,The Communist Manifesto
In stock,57.49,3,The Bhagavad Gita
In stock,30.66,3,The Bette Davis Club
In stock,40.83,4,The Art of Not Breathing
In stock,18.88,2,Taking Shots (Assassins #1)
In stock,25.83,3,Starlark
In stock,42.12,3,"Skip Beat!, Vol. 01 (Skip Beat! #1)"
In stock,13.33,3,Sister Sable (The Mad Queen #1)
In stock,42.40,1,Shatter Me (Shatter Me #1)
In stock,58.35,3,Shameless
In stock,21.72,4,Shadow Rites (Jane Yellowrock #10)
In stock,44.91,2,Settling the Score (The Summer Games #1)
In stock,37.46,1,Sense and Sensibility
In stock,28.48,1,"Saga, Volume 1 (Saga (Collected Editions) #1)"
In stock,28.34,2,"Rhythm, Chord & Malykhin"
In stock,46.96,5,"Rat Queens, Vol. 1: Sass & Sorcery (Rat Queens (Collected Editions) #1-5)"
In stock,24.96,1,Paradise Lost (Paradise #1)
In stock,21.71,4,"Paper Girls, Vol. 1 (Paper Girls #1-5)"
In stock,29.87,3,"Ouran High School Host Club, Vol. 1 (Ouran High School Host Club #1)"
In stock,28.99,1,Origins (Alphas 0.5)
In stock,52.94,2,One Second (Seven #7)
In stock,32.36,3,On the Road (Duluoz Legend)
In stock,55.66,2,Old Records Never Die: One Man's Quest for His Vinyl and His Past
In stock,39.45,5,Off Sides (Off #1)
In stock,47.11,2,Of Mice and Men
In stock,58.75,4,Myriad (Prentor #1)
In stock,38.92,2,My Perfect Mistake (Over the Top #1)
In stock,39.39,4,"Ms. Marvel, Vol. 1: No Normal (Ms. Marvel (2014-2015) #1)"
In stock,25.89,2,Meditations
In stock,28.34,1,Matilda
In stock,27.70,4,Lost Among the Living
In stock,24.89,3,Lord of the Flies
In stock,58.99,3,Listen to Me (Fusion #1)
In stock,57.20,5,Kitchens of the Great Midwest
In stock,38.43,5,Jane Eyre
In stock,34.74,4,Imperfect Harmony
In stock,40.44,4,Icing (Aces Hockey #2)
In stock,45.24,3,"Hawkeye, Vol. 1: My Life as a Weapon (Hawkeye #1)"
In stock,34.96,4,Having the Barbarian's Baby (Ice Planet Barbarians #7.5)
In stock,56.76,4,"Giant Days, Vol. 1 (Giant Days #1-4)"
In stock,40.28,5,"Fruits Basket, Vol. 1 (Fruits Basket #1)"
In stock,38.00,2,Frankenstein
In stock,28.80,3,Forever Rockers (The Rocker #12)
In stock,39.24,3,Fighting Fate (Fighting #6)
In stock,32.93,2,Emma
In stock,51.32,3,"Eat, Pray, Love"
In stock,47.09,5,Deep Under (Walker Security #1)
In stock,28.42,4,Choosing Our Religion: The Spiritual Lives of America's Nones
In stock,22.85,3,Charlie and the Chocolate Factory (Charlie Bucket #1)
In stock,41.24,1,Charity's Cross (Charles Towne Belles #4)
In stock,39.07,5,Bright Lines
In stock,29.82,1,Bridget Jones's Diary (Bridget Jones #1)
In stock,37.26,4,Bounty (Colorado Mountain #7)
In stock,20.30,3,Blood Defense (Samantha Brinkman #1)
In stock,34.65,5,"Bleach, Vol. 1: Strawberry and the Soul Reapers (Bleach #1)"
In stock,43.38,1,Beyond Good and Evil
In stock,55.53,1,Alice in Wonderland (Alice's Adventures in Wonderland #1)
In stock,57.06,4,"Ajin: Demi-Human, Volume 1 (Ajin: Demi-Human #1)"
In stock,16.97,5,A Spy's Devotion (The Regency Spies of London #1)
In stock,53.98,1,1st to Die (Women's Murder Club #1)
In stock,26.08,5,"1,000 Places to See Before You Die"
